name,phone,source,timestamp
中国体育彩票(新世纪花园店),18971710073,text-scan,2026-09-05T01:34:34.396Z
中国体育彩票(徐东朗苑店),13554341938,text-scan,2026-09-05T01:39:05.885Z
中国体育彩票(杨园南路商业街店),18062681393,text-scan,2026-09-05T01:44:35.028Z
中国体育彩票(融海杰座店),17302715969,text-scan,2026-09-05T01:44:47.734Z
中国体育彩票(大大冯双彩店),13697924274,text-scan,2026-09-05T01:45:06.379Z
中国体育彩票(杨园街二桥社区店),18572821909,text-scan,2026-09-05T01:45:08.802Z
中国体育彩票(徐清公寓 店),13697924274,text-scan,2026-09-05T01:45:15.944Z
中国体育彩票(武汉大道店),15671555231,text-scan,2026-09-05T01:45:27.780Z
中国体育彩票(沙湖路店),15171411180,text-scan,2026-09-05T01:45:29.260Z
中国体育彩票(东沙花园店),18986142860,text-scan,2026-09-05T01:45:31.236Z
中国体育彩票(铁机东方红建材大市场店),18171222292,text-scan,2026-09-05T01:45:37.135Z
中国体育彩票,13720239560,text-scan,2026-09-05T01:45:38.475Z
中国体育彩票(中交大厦小罗双彩店),13277971856,text-scan,2026-09-05T01:45:52.497Z
中国体育彩票(东湖花园店),15802709037,text-scan,2026-09-05T01:45:54.220Z
中国体育彩票,15623650176,text-scan,2026-09-05T01:46:15.202Z
中国体育彩票(秦臻街店),13797046301,text-scan,2026-09-05T01:46:25.830Z
中国体育彩票(东湖绿道梨园店),19242795538,text-scan,2026-09-05T01:46:58.475Z
中国体育彩票(学院路店),13697924274,text-scan,2026-09-05T01:47:45.950Z
中国体育彩票(武昌区徐家棚街长轮社区店),13581306902,text-scan,2026-09-05T01:48:07.246Z
中国体育彩票(湖大琴园店),13777431118,text-scan,2026-09-05T01:48:26.839Z
中国体育彩票(金地自在城店),13986265406,text-scan,2026-09-05T01:48:58.698Z
中国体育彩票(建设一路店),15272423865,text-scan,2026-09-05T01:49:32.706Z
中国体育彩票(武汉大学医学部店),17339660921,text-scan,2026-09-05T01:49:40.446Z
中国体育彩票(融侨华府店),027-88239426,text-scan,2026-09-05T01:49:41.655Z
中国体育彩票(大华·滨江天地铂金瑞府店),18171026897,text-scan,2026-09-05T01:49:45.427Z
中国体育彩票(大华·滨江天地铂金瑞府店),18171026891,text-scan,2026-09-05T01:49:59.525Z
中国体育彩票(白鹭街店),13697924274,text-scan,2026-09-05T01:50:09.718Z
中国体育彩票(福星惠誉·青城华府店),18672380316,text-scan,2026-09-05T01:50:20.085Z
中国体育彩票(福星惠誉·青城华府店),15827024224,text-scan,2026-09-05T01:50:33.082Z
中国体育彩票(融创中心武汉壹号院店),15926523709,text-scan,2026-09-05T01:50:43.122Z
中国体育彩票(中北路辅路店),15207158525,text-scan,2026-09-05T01:50:50.568Z
中国体育彩票(众圆店),13697924274,text-scan,2026-09-05T01:50:52.097Z
中国体育彩票(宾悦路店),17607133149,text-scan,2026-09-05T01:51:23.467Z
中国体育彩票(湖北省体育局洪山体育中心店),17607133149,text-scan,2026-09-05T01:51:40.578Z
中国体育彩票(洪山广场环路店),17815138231,text-scan,2026-09-05T01:51:57.286Z
中国体育彩票(东方雅园店),18062596729,text-scan,2026-09-05T01:52:07.113Z
中国体育彩票,15797036909,text-scan,2026-09-05T01:52:16.777Z
中国体育彩票(东方丽锦店),18696127219,text-scan,2026-09-05T01:52:43.651Z
中国体育彩票(南京路店),13098852235,text-scan,2026-09-05T01:52:52.088Z
中国体育彩票(工业一路店),18162305767,text-scan,2026-09-05T01:53:00.849Z
中国体育彩票(宝丽金店),15827089813,text-scan,2026-09-05T03:24:38.983Z
中国体育彩票(汉来广场店),15871390684,text-scan,2026-09-05T03:28:17.729Z
中国体育彩票(武昌江滩店),13697924274,text-scan,2026-09-05T03:29:30.876Z
司门口烟酒 中国体育彩票,17786434711,text-scan,2026-09-05T03:30:37.462Z
中国体育彩票(户部巷店),13607199338,text-scan,2026-09-05T03:30:45.649Z
中国体育彩票(棋盘街店),18986159165,text-scan,2026-09-05T03:30:53.335Z
中国体育彩票(龙湖春江彼岸店),13697924274,text-scan,2026-09-05T03:31:58.665Z
中国体育彩票(武泰闸城市花园小区店),13697924274,text-scan,2026-09-05T03:32:09.423Z
中国体育彩票(龙湖·天玺店),15658453685,text-scan,2026-09-05T03:32:14.332Z
中国体育彩票(瑞景路店),13697924274,text-scan,2026-09-05T03:32:20.814Z
中国体育彩票(石牌岭路店),15994216816,text-scan,2026-09-05T03:32:47.067Z
中国体育彩票(泛悦坊店),13697924274,text-scan,2026-09-05T03:32:51.002Z
中国体育彩票05198店,13995678198,text-scan,2026-09-05T03:32:58.220Z
中国体育彩票(保利·公园九里店),18302757996,text-scan,2026-09-05T03:33:04.600Z
中国体育彩票(洪达巷店),13995669854,text-scan,2026-09-05T03:33:06.821Z
中国体育彩票(观澜天地店),18995608573,text-scan,2026-09-05T03:34:13.792Z
中国体育彩票(理公馆店),15826800090,text-scan,2026-09-05T03:34:31.559Z
中国体育彩票(虹顶家园店),15002706678,text-scan,2026-09-05T03:34:37.951Z
中国体育彩票(水域天际店),13607176633,text-scan,2026-09-05T03:35:03.555Z
中国体育彩票(文昌路店),15090962982,text-scan,2026-09-05T03:35:18.593Z
中国体育彩票(金地·格林小城梦茵区店),15327439718,text-scan,2026-09-05T03:35:56.574Z
中国体育彩票(白沙洲茶码头店),15827511046,text-scan,2026-09-05T03:37:04.056Z
中国体育彩票(长江鑫都店),17612732383,text-scan,2026-09-05T03:37:38.264Z
中国体育彩票(明泽丽湾店),18971352915,text-scan,2026-09-05T03:37:46.131Z
中国体育彩票(丰华苑路店),13697924274,text-scan,2026-09-05T03:37:51.863Z
中国体育彩票(丰华苑北区店),13697924274,text-scan,2026-09-05T03:37:56.928Z
中国体育彩票(城投联投江南岸B区店),18207170058,text-scan,2026-09-05T03:38:11.231Z
中国体育彩票(南市路店),13235606085,text-scan,2026-09-05T03:38:11.744Z
中国体育彩票(书城路店),18971352915,text-scan,2026-09-05T03:38:21.412Z
中国体育彩票(明泽丰华苑店),13697924274,text-scan,2026-09-05T03:38:24.571Z
中国体育彩票(保利·心语店),13387525735,text-scan,2026-09-05T03:39:18.157Z
中国体育彩票(泰然南湖玫瑰湾店),13163234330,text-scan,2026-09-05T03:39:23.154Z
中国体育彩票(金地·西岸故事店),18971352915,text-scan,2026-09-05T03:39:24.613Z
中国体育彩票(广宏汇商业街店),17786105157,text-scan,2026-09-05T03:39:37.450Z
中国体育彩票(龙湖三千城光曜店),18674168326,text-scan,2026-09-05T03:39:44.314Z
中国体育彩票(武汉市青菱渔场小区店),18707193938,text-scan,2026-09-05T03:40:31.096Z
中国体育彩票(板桥新村店),13627232800,text-scan,2026-09-05T03:40:50.950Z
武汉经济技术开发区图书馆,027-84855812,text-scan,2026-09-05T03:41:52.563Z
中国体育彩票(芳草路店),15387094556,text-scan,2026-09-05T03:43:05.104Z
中国体育彩票(和昌都汇华府店),18627025567,text-scan,2026-09-05T03:43:08.298Z
中国体育彩票(国博华江府店),15570686164,text-scan,2026-09-05T03:43:13.518Z
中国体育彩票(武汉汉阳万达广场店),13125069486,text-scan,2026-09-05T03:43:18.525Z
中国体育彩票(中关村'动漫城店),19945054050,text-scan,2026-09-05T03:43:28.060Z
中国体育彩票(广电·兰亭时代店),18672246303,text-scan,2026-09-05T03:43:35.030Z
中国体育彩票(国博城·悦江府店),18163515258,text-scan,2026-09-05T03:43:36.996Z
中国体育彩票(金地澜菲溪岸店),15207111606,text-scan,2026-09-05T03:43:42.519Z
中国体育彩票(新城璟棠店),15570686164,text-scan,2026-09-05T03:43:44.726Z
中国体育彩票(升官渡店),15172457445,text-scan,2026-09-05T03:44:03.103Z
中国体育彩票(碧桂园泰富城店),13720130260,text-scan,2026-09-05T03:44:14.330Z
中国体育彩票(华中智谷店),15871366819,text-scan,2026-09-05T03:45:52.596Z
中国体育彩票(永旺梦乐城店),13581384249,text-scan,2026-09-05T03:45:54.442Z
中国体育彩票(金色港湾店),13886014526,text-scan,2026-09-05T03:46:24.062Z
中国体育彩票(江大6号门潮海夜市店),13164169120,text-scan,2026-09-05T03:46:45.302Z
中国体育彩票(宁康园店),13697924274,text-scan,2026-09-05T03:46:49.899Z
中国体育彩票(佳和馨居店),13628625753,text-scan,2026-09-05T03:47:05.708Z
中国体育彩票(三角湖路店),027-84851585,text-scan,2026-09-05T03:47:08.643Z
中国体育彩票(车城大道店),13697924274,text-scan,2026-09-05T03:49:07.740Z
中国体育彩票(市场路店),18062682390,text-scan,2026-09-05T03:49:38.536Z
中国体育彩票(幸福小城店),13697924274,text-scan,2026-09-05T03:49:40.094Z
中国福利彩票(子期路店),15671556440,text-scan,2026-09-05T03:49:43.199Z
亮点广告/体育彩票/复印/照相,18207120969,text-scan,2026-09-05T03:49:51.451Z
中国体育彩票(利济北路店),15337110625,text-scan,2026-09-05T03:50:58.946Z
中国体育彩票(汉正街第一大道翡翠座店),13995631099,text-scan,2026-09-05T03:51:16.612Z
中国体育彩票(五彩正巷店),15671555612,text-scan,2026-09-05T03:51:23.514Z
中国体育彩票(竹牌社区店),18627828138,text-scan,2026-09-05T03:51:28.110Z
中国体育彩票(江山如画店),17786420248,text-scan,2026-09-05T03:52:33.945Z
中国体育彩票(京汉大道店),13697924274,text-scan,2026-09-05T03:52:55.320Z
中国体育彩票(棉花雅苑店),027-84828021,text-scan,2026-09-05T03:53:00.211Z
中国体育彩票(琴台社区二号院店),027-84829269,text-scan,2026-09-05T03:53:04.679Z
中国体育彩票(鹦鹉大道店),19164560288,text-scan,2026-09-05T03:53:57.389Z
中国体育彩票(动物园路店),13908674035,text-scan,2026-09-05T03:54:32.845Z
中国体育彩票(高龙路店),18986256636,text-scan,2026-09-05T04:00:54.355Z
中国体育彩票(汉阳大道店),13349904013,text-scan,2026-09-05T04:02:27.251Z
中国体育彩票,13638625093,text-scan,2026-09-05T04:02:30.158Z
中国体育彩票(缤纷四季店),027-84256696,text-scan,2026-09-05T04:02:36.880Z
中国体育彩票(汉阳1889小区店),13554093831,text-scan,2026-09-05T04:03:58.522Z
中国体育彩票(汉桥路锦桦豪庭店),18062606313,text-scan,2026-09-05T04:04:19.950Z
中国体育彩票(桃花岛城市花园店),17740509006,text-scan,2026-09-05T04:04:44.592Z
中国体育彩票(墨水湖店),13125029891,text-scan,2026-09-05T04:04:52.174Z
中国体育彩票(云林街店),13260698929,text-scan,2026-09-05T04:11:06.256Z
中国体育彩票(香江路店),13697924274,text-scan,2026-09-05T04:12:06.330Z
中国体育彩票(东方万豪店),15271822281,text-scan,2026-09-05T04:12:27.443Z
中国体育彩票(汉口花园逸松庭店),17762580217,text-scan,2026-09-05T04:12:28.602Z
中国体育彩票(新华路店),18202727311,text-scan,2026-09-05T04:12:32.529Z
中国体育彩票,18164006448,text-scan,2026-09-05T04:12:56.601Z
中国体育彩票(唐家墩街阳光家园店),15002765850,text-scan,2026-09-05T04:12:58.245Z
中国体育彩票(北湖西路店),15002777298,text-scan,2026-09-05T04:13:00.407Z
中国体育彩票 福利彩票(马场角首店),13825565806,text-scan,2026-09-05T04:13:08.398Z
中国体育彩票(新世纪都市花园梅园店),17683939670,text-scan,2026-09-05T04:13:12.532Z
中国体育彩票(华发中城荟中央首府店),17740540425,text-scan,2026-09-05T04:13:23.020Z
中国体育彩票(马场一路店),13971542158,text-scan,2026-09-05T04:36:21.119Z
中国体育彩票,027-62737090,text-scan,2026-09-05T04:36:24.159Z
中国体育彩票(江大路店),13396065088,text-scan,2026-09-05T04:36:58.679Z
中国体育彩票(万科汉口传奇唐樾店),13505866566,text-scan,2026-09-05T04:37:31.381Z
中国体育彩票(常青一路店),18672380488,text-scan,2026-09-05T04:37:47.541Z
中国体育彩票(银墩街店),13697924274,text-scan,2026-09-05T04:37:51.182Z
中国体育彩票(美联社区店),15327385826,text-scan,2026-09-05T04:37:52.940Z
中国体育彩票(京华时代店),17396111683,text-scan,2026-09-05T04:37:56.761Z
中国体育彩票(常展里店),17192700123,text-scan,2026-09-05T04:38:08.004Z
中国体育彩票(常二社区店),15286867580,text-scan,2026-09-05T04:43:49.174Z
中国体育彩票(汉口花园·淡莲轩店),13308628178,text-scan,2026-09-05T04:43:53.195Z
中国体育彩票(楚天都市金园店),13697924274,text-scan,2026-09-05T04:44:13.960Z
中国体育彩票(汉口花园五期店),15802793443,text-scan,2026-09-05T04:44:21.521Z
中国体育彩票(汉口花园幽兰居店),18672320329,text-scan,2026-09-05T04:45:35.091Z
中国体育彩票(金色雅园金源苑店),18171233341,text-scan,2026-09-05T04:45:38.783Z
中国体育彩票(金色雅园金沙苑店),13018008332,text-scan,2026-09-05T04:45:44.318Z
中国体育彩票(新世界·常青南园南区店),15071188518,text-scan,2026-09-05T04:46:11.600Z
中国体育彩票(福星华府·峯境店),13419518647,text-scan,2026-09-05T04:46:35.542Z
中国体育彩票(南航花苑专营店),18186102822,text-scan,2026-09-05T04:46:41.647Z
中国体育彩票(华星融城店),18108628135,text-scan,2026-09-05T04:47:20.191Z
中国体育彩票(精品园店),18907138291,text-scan,2026-09-05T04:47:26.070Z
中国体育彩票(天顺园店),19232717501,text-scan,2026-09-05T04:48:13.039Z
中国体育彩票(长丰城H5区店),13697924274,text-scan,2026-09-05T04:48:21.361Z
中国体育彩票(将军新村店),18164004447,text-scan,2026-09-05T04:48:22.923Z
中国体育彩票(常青花园店),18932238383,text-scan,2026-09-05T04:48:29.619Z
中国体育彩票(福星惠誉汉口春天店),18696168365,text-scan,2026-09-05T04:49:08.744Z
中国体育彩票(翡翠中心润玺店),13627253800,text-scan,2026-09-05T04:49:12.000Z
中国体育彩票(银湖御园店),13657288294,text-scan,2026-09-05T04:49:13.723Z
紫润明园26栋12号体彩,18971643850,text-scan,2026-09-05T04:49:18.148Z
中国体育彩票(中交泓园店),13720181522,text-scan,2026-09-05T04:49:19.862Z
中国体育彩票(万科四季花城丁香苑店),15327192769,text-scan,2026-09-05T04:49:36.123Z
中国体育彩票(蓝光林肯公园店),15002708885,text-scan,2026-09-05T04:49:48.984Z
中国体育彩票(金地格林春岸店),19227232048,text-scan,2026-09-05T04:50:17.967Z
中国体育彩票,13183767739,text-scan,2026-09-05T05:05:30.813Z
中国体育彩票(春熙路太古里步行街店),13808069649,text-scan,2026-09-05T05:05:54.082Z
中国体育彩票(春熙路店),18583911626,text-scan,2026-09-05T05:06:05.573Z
中国体育彩票(暑袜街店),13699487327,text-scan,2026-09-05T05:07:47.963Z
中国体育彩票(走马街店),028-86668837,text-scan,2026-09-05T05:08:11.039Z
中国体育彩票(永兴巷9号院店),028-86610423,text-scan,2026-09-05T05:08:14.130Z
中国体育彩票(马王庙45号院店)(暂停营业),15196338632,text-scan,2026-09-05T05:08:41.708Z
中国体育彩票(顺城大街店),18581583829,text-scan,2026-09-05T05:08:51.775Z
中国体育彩票(五交化大厦店),028-86743063,text-scan,2026-09-05T05:08:54.805Z
中国体育彩票(银丝街5号院店),15008223715,text-scan,2026-09-05T05:09:24.350Z
中国体育彩票(青龙巷21号院店),028-86752122,text-scan,2026-09-05T05:09:32.593Z
中国体育彩票(自强路店),13350881431,text-scan,2026-09-05T05:10:38.691Z
中国体育彩票(红墙巷79号院店),13982251373,text-scan,2026-09-05T05:10:44.221Z
中国体育彩票,13228165815,text-scan,2026-09-05T05:11:36.888Z
中国体育彩票(红星苑店),15328082074,text-scan,2026-09-05T05:12:08.925Z
中国体育彩票(万福花园店),15102835740,text-scan,2026-09-05T05:12:57.111Z
中国体育彩票(星辉中路6号院店),17741147000,text-scan,2026-09-05T05:13:07.606Z
中国体育彩票(琴台路5号院店),19382092156,text-scan,2026-09-05T05:13:15.768Z
中国体育彩票(合江亭花园店),17302805644,text-scan,2026-09-05T05:13:31.723Z
中国体育彩票(东安北路店),17358600379,text-scan,2026-09-05T05:13:39.566Z
中国体育彩票(浆洗街店),18818955965,text-scan,2026-09-05T05:13:44.505Z
中国体育彩票(大石东路店),18382381098,text-scan,2026-09-05T05:14:10.912Z
中国体育彩票(林荫街店),028-85575301,text-scan,2026-09-05T05:15:35.811Z
中国体育彩票(紫东苑店),13666211845,text-scan,2026-09-05T05:15:38.353Z
中国体育彩票(洗面桥横街店),13980211564,text-scan,2026-09-05T05:15:50.031Z
中国体育彩票(天竺园店),028-85553703,text-scan,2026-09-05T05:15:57.928Z
中国体育彩票(一环路西一段店),028-87023631,text-scan,2026-09-05T05:16:03.790Z
中国体育彩票(西北桥北街店),19160392151,text-scan,2026-09-05T05:18:08.264Z
中国体育彩票(八二小区店),18200374057,text-scan,2026-09-05T05:18:20.260Z
中国体育彩票(前锋路电子科大竞彩店),19822999914,text-scan,2026-09-05T05:29:00.892Z
中国体育彩票(平福路店),15989889588,text-scan,2026-09-05T05:29:33.511Z
中国体育彩票(水碾河路北社区店),028-84432895,text-scan,2026-09-05T05:30:09.446Z
中国体育彩票(千和苑店),19102689271,text-scan,2026-09-05T05:30:12.761Z
中国体育彩票(宏济新路95号院店),028-84455399,text-scan,2026-09-05T05:30:16.110Z
中国体育彩票(华怡苑店),028-85066325,text-scan,2026-09-05T05:30:21.853Z
中国体育彩票(清馨苑店),18108251336,text-scan,2026-09-05T05:30:46.308Z
中国体育彩票(保利沐府汇店),19180029203,text-scan,2026-09-05T05:30:58.870Z
中国体育彩票(抚琴北三巷1、2号院店),13258138972,text-scan,2026-09-05T05:31:29.769Z
中国体育彩票(沙子堰西巷小区店),13551261950,text-scan,2026-09-05T05:31:42.914Z
中国体育彩票(科院街4号院店),18121843873,text-scan,2026-09-05T05:31:53.689Z
中国体育彩票(李家沱店),15884480620,text-scan,2026-09-05T05:31:57.251Z
中国体育彩票(大庆路93号院店),19113901312,text-scan,2026-09-05T05:32:19.976Z
中国体育彩票(双元街店),028-81295445,text-scan,2026-09-05T05:32:23.383Z
中国体育彩票(金琴路店),18215562476,text-scan,2026-09-05T05:32:33.188Z
中国体育彩票(新华佳园店),028-84458025,text-scan,2026-09-05T05:32:45.898Z
中国体育彩票(抚琴店),18920427176,text-scan,2026-09-05T05:32:51.234Z
中国体育彩票(培华东路店),15928650420,text-scan,2026-09-05T05:32:53.381Z
中国体育彩票(丽景湾店),17311078781,text-scan,2026-09-05T05:33:42.183Z
中国体育彩票(玉林八巷店),13281222406,text-scan,2026-09-05T05:33:59.734Z
中国体育彩票(草堂店),18224444035,text-scan,2026-09-05T05:34:11.554Z
中国体育彩票(肖家河北街店),18884317598,text-scan,2026-09-05T05:34:29.632Z
中国体育彩票(新华社区北区店),028-83510687,text-scan,2026-09-05T05:34:36.059Z
中国体育彩票(磨底河沿街1号院店),028-87369983,text-scan,2026-09-05T05:36:03.965Z
中国体育彩票(同森锦逸名邸店),13339364657,text-scan,2026-09-05T05:36:56.815Z
中国体育彩票(菊园店),028-85072486,text-scan,2026-09-05T05:37:04.017Z
中国体育彩票(顺江新苑店),13980029732,text-scan,2026-09-05T05:37:23.807Z
中国体育彩票(广福桥街30号院店),028-85094094,text-scan,2026-09-05T05:37:29.308Z
中国体育彩票(营中巷32号院店),028-87739309,text-scan,2026-09-05T05:37:50.457Z
中国体育彩票(枫华苑店),13618005928,text-scan,2026-09-05T05:38:31.190Z
中国体育彩票(经华北路1号院店),13880869116,text-scan,2026-09-05T05:38:42.847Z
中国体育彩票(巴黎阳光店),15882040300,text-scan,2026-09-05T05:38:45.502Z
中国体育彩票(紫藤路店),18113131968,text-scan,2026-09-05T05:38:52.733Z
中国体育彩票(荷花池公寓店),028-83316839,text-scan,2026-09-05T05:38:57.003Z
中国体育彩票(高升桥东路店),15928681428,text-scan,2026-09-05T05:39:10.973Z
中国体育彩票(光荣小学校店),028-87717644,text-scan,2026-09-05T05:39:24.645Z
中国体育彩票(芳华街店),17743232102,text-scan,2026-09-05T05:39:39.705Z
中国体育彩票(蜀都大道水碾河路店),028-84458025,text-scan,2026-09-05T05:39:45.804Z
中国体育彩票(欣园店),17882184910,text-scan,2026-09-05T05:39:48.649Z
中国体育彩票(双楠小区店),028-85073090,text-scan,2026-09-05T05:40:09.592Z
中国体育彩票(广福路店),028-85077270,text-scan,2026-09-05T05:44:01.794Z
中国体育彩票(天伦花园店),028-83260715,text-scan,2026-09-05T05:44:07.078Z
中国体育彩票(双桥社区店),028-84450025,text-scan,2026-09-05T05:44:15.551Z
中国体育彩票(海椒市东街店),18011453602,text-scan,2026-09-05T05:44:18.748Z
中国体育彩票(光华村竞彩主题店),18402813279,text-scan,2026-09-05T05:44:52.330Z
中国体育彩票(恒大中央广场店),19308074976,text-scan,2026-09-05T05:44:55.601Z
中国体育彩票(化成社区店),028-68203084,text-scan,2026-09-05T05:45:02.092Z
中国体育彩票(站东小区店),028-83115120,text-scan,2026-09-05T05:45:20.749Z
中国体育彩票(直营店),15198555581,text-scan,2026-09-05T05:45:32.239Z
中国体育彩票,13808006157,text-scan,2026-09-05T05:45:34.764Z
中国体育彩票(明波花园店),18113647602,text-scan,2026-09-05T05:45:56.299Z
中国体育彩票(同善街店),028-87532503,text-scan,2026-09-05T05:46:01.602Z
中国体育彩票(银河路店),13235137253,text-scan,2026-09-05T05:46:03.860Z
中国体育彩票(五福花园店),18224423463,text-scan,2026-09-05T05:46:15.102Z
中国体育彩票(绿地锦天府店),15328096863,text-scan,2026-09-05T05:47:04.347Z
中国体育彩票(中海·常春藤花园店),15882040300,text-scan,2026-09-05T05:47:16.820Z
中国体育彩票(宏源新居店),15528252577,text-scan,2026-09-05T05:47:19.910Z
中国体育彩票(紫竹中街店),13550029946,text-scan,2026-09-05T05:47:48.922Z
中国体育彩票(金津苑店),17743269808,text-scan,2026-09-05T05:47:54.873Z
中国体育彩票(天誉光环店),19113106305,text-scan,2026-09-05T05:48:27.340Z
中国体育彩票(紫荆春天店),028-85141289,text-scan,2026-09-05T05:48:30.766Z
中国体育彩票(中粮鸿云悦街店),19113548502,text-scan,2026-09-05T05:48:33.501Z
中国体育彩票(汇泉南路店),18181961916,text-scan,2026-09-05T05:48:39.094Z
中国体育彩票,13540299402,text-scan,2026-09-05T05:49:54.936Z
中国体育彩票(银河北街店),18040311190,text-scan,2026-09-05T05:49:57.706Z
中国体育彩票(紫荆东路店),028-85158591,text-scan,2026-09-05T05:50:01.035Z
中国体育彩票(中南·融创玖华台店),19938400153,text-scan,2026-09-05T05:50:07.542Z
中国体育彩票(蜀兴南街店),13908035095,text-scan,2026-09-05T05:50:09.985Z
中国体育彩票(桐梓林店),17364770015,text-scan,2026-09-05T05:50:13.331Z
中国体育彩票(竞彩形象店),18884354254,text-scan,2026-09-05T05:50:46.169Z
中国体育彩票(东立国际店),18227570652,text-scan,2026-09-05T05:50:52.394Z
中国体育彩票(花郡佳园店),19982008214,text-scan,2026-09-05T05:50:55.693Z
中国体育彩票(成都环贸ICD店),17781489041,text-scan,2026-09-05T05:51:03.966Z
中国体育彩票(金珠苑店),13212359652,text-scan,2026-09-05T05:51:13.976Z
中国体育彩票(龙安街2号院店),028-85072486,text-scan,2026-09-05T05:51:21.545Z
中国体育彩票(龙湖·滨江天街店),17711566875,text-scan,2026-09-05T05:51:25.180Z
中国体育彩票(中房·红枫岭店),13699003649,text-scan,2026-09-05T05:51:28.839Z
中国体育彩票(竞彩标准店),15908112114,text-scan,2026-09-05T05:51:37.308Z
中国体育彩票(首开·龙湖紫宸香颂店),19141251769,text-scan,2026-09-05T05:51:42.346Z
中国体育彩票(安蓉路店),028-87543413,text-scan,2026-09-05T05:51:47.874Z
中国体育彩票(西宸天街店),13408493585,text-scan,2026-09-05T05:51:50.832Z
中国体育彩票,028-84593673,text-scan,2026-09-05T05:52:04.287Z
中国体育彩票(香都美地店),17780656650,text-scan,2026-09-05T05:52:21.012Z
中国体育彩票(五福桥东路店),19138908053,text-scan,2026-09-05T05:52:43.073Z
中国体育彩票(华侨城滨江壹号店),19180897885,text-scan,2026-09-05T05:52:46.508Z
中国体育彩票(龙爪堰店),17311396300,text-scan,2026-09-05T05:53:09.999Z
中国体育彩票(新南天地商圈店),19382247442,text-scan,2026-09-05T05:53:15.866Z
中国体育彩票(新界店),18011398038,text-scan,2026-09-05T05:53:57.782Z
中国体育彩票(芙华·幸福彼岸店),15108222028,text-scan,2026-09-05T05:54:00.827Z
中国体育彩票(福宁路竞彩投注站),13568829327,text-scan,2026-09-05T05:54:03.327Z
中国体育彩票(五大花园美食街店),19983790113,text-scan,2026-09-05T05:54:15.657Z
中国体育彩票(蜀风兰苑店),18142550959,text-scan,2026-09-05T05:54:45.255Z
中国体育彩票(万通金融广场店),028-87696698,text-scan,2026-09-05T05:54:59.310Z
中国体育彩票(会所·金澜苑店),18117848812,text-scan,2026-09-05T05:55:08.750Z
中国体育彩票,19934428114,text-scan,2026-09-05T05:56:06.636Z
中国体育彩票(中海金沙府店),18210957895,text-scan,2026-09-05T05:56:13.330Z
中国体育彩票(东坡路店),18884142683,text-scan,2026-09-05T05:56:15.801Z
中国体育彩票(长融西一路店),18981898989,text-scan,2026-09-05T05:56:19.329Z
中国体育彩票(中环路建材路段辅路店),13880615615,text-scan,2026-09-05T05:56:36.238Z
中国体育彩票(蓝光·凯丽美域店),15114035587,text-scan,2026-09-05T05:56:41.403Z
中国体育彩票(天街里店),15756332073,text-scan,2026-09-05T05:56:44.008Z
中国体育彩票(合能·东林城市花园店),13551342407,text-scan,2026-09-05T05:56:47.294Z
中国体育彩票(上东花园一组团店),18030480883,text-scan,2026-09-05T05:56:57.621Z
中国体育彩票(阳光100米娅中心店),13880538388,text-scan,2026-09-05T05:57:03.422Z
中国体育彩票(锦东河韵店),13350083810,text-scan,2026-09-05T05:57:12.005Z
中国体育彩票(新街里二街店),13730644918,text-scan,2026-09-05T05:57:16.199Z
中国体育彩票(蓝光COCO国际店),13541342989,text-scan,2026-09-05T05:57:19.150Z
中国体育彩票(滨江樾城店),17711365131,text-scan,2026-09-05T05:57:40.923Z
中国体育彩票(德商·金沙10年店),19113500281,text-scan,2026-09-05T05:57:42.455Z
中国体育彩票,18980520597,text-scan,2026-09-05T05:59:26.197Z
中国体育彩票(中海·城南华府店),17311094350,text-scan,2026-09-05T05:59:29.912Z
中国体育彩票(壹方里店),18980740770,text-scan,2026-09-05T05:59:37.384Z
中国体育彩票(正成东区1号店),15680609968,text-scan,2026-09-05T05:59:50.989Z
中国体育彩票(龙井南街店),17361062663,text-scan,2026-09-05T05:59:56.083Z
中国体育彩票(上实·海上海店),18782221939,text-scan,2026-09-05T05:59:58.229Z
中国体育彩票,028-64600699,text-scan,2026-09-05T06:00:01.509Z
中国体育彩票(中海锦城店),19180794324,text-scan,2026-09-05T06:00:25.828Z
中国体育彩票(金樽雅庭店),17360279616,text-scan,2026-09-05T06:00:35.194Z
中国体育彩票(锦蓉佳苑店),17381807618,text-scan,2026-09-05T06:00:50.854Z
中国体育彩票(成飞大道店),19980572921,text-scan,2026-09-05T06:00:58.500Z
中国体育彩票(通力路店),18923783335,text-scan,2026-09-05T06:01:00.736Z
中国体育彩票(龙湖·源著店),18181945003,text-scan,2026-09-05T06:01:02.740Z
中国体育彩票(时代锦绣店),13908199084,text-scan,2026-09-05T06:01:07.577Z
中国体育彩票(和平路店),15882121138,text-scan,2026-09-05T06:01:09.507Z
中国体育彩票(武侯·陆坝新型社区店),18030570527,text-scan,2026-09-05T06:01:36.176Z
中国体育彩票(光华欣苑店),16602817230,text-scan,2026-09-05T06:02:00.773Z
中国体育彩票(居然之家旗舰店),17761289359,text-scan,2026-09-05T06:02:03.561Z
中国体育彩票(欣茂·大峰景店),19180519415,text-scan,2026-09-05T06:02:27.649Z
中国体育彩票(学府西路店),18111265155,text-scan,2026-09-05T06:02:31.364Z
中国体育彩票(建发·鹭洲里店),15756498402,text-scan,2026-09-05T06:02:36.137Z
中国体育彩票(学府西路南一街店),17828181827,text-scan,2026-09-05T06:02:43.864Z
中国体育彩票(叠秀路店),18108029202,text-scan,2026-09-05T06:02:51.749Z
中国体育彩票(佳年华·时代晶座店),19934261153,text-scan,2026-09-05T06:02:54.184Z
中国体育彩票(星月路店),18382381272,text-scan,2026-09-05T06:03:06.991Z
中国体育彩票(新怡花园店),13881833570,text-scan,2026-09-05T06:03:50.977Z
中国体育彩票(泉葫路店),13402821802,text-scan,2026-09-05T06:03:53.325Z
中国体育彩票(翠竹路店),13402889867,text-scan,2026-09-05T06:04:01.031Z
中国体育彩票(传化国际新城店),18884566957,text-scan,2026-09-05T06:04:18.139Z
中国体育彩票(华润·橡树湾店),15680907555,text-scan,2026-09-05T06:04:28.909Z
中国体育彩票(滨河大道店),13398171239,text-scan,2026-09-05T06:06:25.871Z
中国体育彩票(正兴大道店),18380216228,text-scan,2026-09-05T06:06:28.004Z
中国体育彩票(龙湖·时代天街店),028-87887998,text-scan,2026-09-05T06:06:31.192Z
中国体育彩票(龙湖·时代天街店),18981855808,text-scan,2026-09-05T06:06:37.720Z
中国体育彩票(南阳锦城店),13668257728,text-scan,2026-09-05T06:06:43.840Z
中国体育彩票(云凤苑店),028-87989268,text-scan,2026-09-05T06:06:46.197Z
中国体育彩票(乐学巷店),18281180116,text-scan,2026-09-05T06:06:58.769Z
中国体育彩票(上锦颐园一期店),18228029175,text-scan,2026-09-05T06:07:03.315Z
中国体育彩票(天全路店),13111858579,text-scan,2026-09-05T06:07:10.914Z
中国体育彩票(龙湖·焕城星云店),18180690701,text-scan,2026-09-05T06:07:13.228Z
中国体育彩票(政和街店),13880071968,text-scan,2026-09-05T06:07:24.532Z
中国体育彩票,17345725652,text-scan,2026-09-05T06:07:42.144Z
中国体育彩票(天府半岛店),18820131157,text-scan,2026-09-05T06:07:46.025Z
中国体育彩票(广场丽苑店),19180504525,text-scan,2026-09-05T06:08:03.993Z
中国体育彩票(文化路旗舰店),18140019792,text-scan,2026-09-05T06:08:18.154Z
中国体育彩票(济阳路店),18508291883,text-scan,2026-09-05T06:08:28.961Z
中国体育彩票(绿野路五段店),18782459427,text-scan,2026-09-05T06:08:33.530Z
中国体育彩票(西城·鸥鹭湾店),15680660039,text-scan,2026-09-05T06:08:59.626Z
中国体育彩票(广汇·御园店),15108127873,text-scan,2026-09-05T06:09:12.267Z
中国体育彩票(广慧·好望角店),15928595442,text-scan,2026-09-05T06:09:39.552Z
中国体育彩票,19183977017,text-scan,2026-09-05T06:15:06.122Z
中国体育彩票(清溪东路2号院店),13060135828,text-scan,2026-09-05T06:15:11.307Z
中国体育彩票(龙湖·西宸原著揽境店),18180599506,text-scan,2026-09-05T06:17:27.429Z
中国体育彩票(竞彩旗舰店),19934431787,text-scan,2026-09-05T06:17:30.476Z
中国体育彩票(东方阳光城B区店),028-85918358,text-scan,2026-09-05T06:17:33.000Z
中国体育彩票(小天丽苑店),028-85553703,text-scan,2026-09-05T06:17:36.318Z
中国体育彩票,17311085868,text-scan,2026-09-05T06:17:44.195Z
中国体育彩票(天鹅湖店),17311380989,text-scan,2026-09-05T06:20:38.992Z
中国体育彩票(土门新村店),17394992896,text-scan,2026-09-05T06:20:46.972Z
中国体育彩票(清江美庐店),13540407992,text-scan,2026-09-05T06:20:57.124Z
中国体育彩票(美林生活广场店),13308204689,text-scan,2026-09-05T06:21:43.306Z
中国体育彩票(成都旗舰店),13880123341,text-scan,2026-09-05T06:24:42.915Z
中国体育彩票(碧华鄰店),19983229878,text-scan,2026-09-05T06:25:44.134Z
中国体育彩票(正义路店),18180415268,text-scan,2026-09-05T06:26:06.081Z
中国体育彩票(光明园店),18328736581,text-scan,2026-09-05T06:26:31.954Z
中国体育彩票(朝阳小区店),19180602893,text-scan,2026-09-05T06:27:41.596Z
中国体育彩票(竞彩标准店),13688488003,text-scan,2026-09-05T06:28:18.620Z
中国体育彩票(玉双路五号院店),028-84403557,text-scan,2026-09-05T06:28:25.631Z
中国体育彩票(得胜上街76号院店),13308012332,text-scan,2026-09-05T06:30:49.137Z
中国体育彩票(锦赛雅苑店),17608043495,text-scan,2026-09-05T06:30:51.345Z
中国体育彩票(雍锦世家店),19160923128,text-scan,2026-09-05T06:30:53.582Z
中国体育彩票(琉璃路88号院店),18381056697,text-scan,2026-09-05T06:30:59.100Z
中国体育彩票(培中路店),19136350272,text-scan,2026-09-05T06:33:29.226Z
中国体育彩票(锦华雅居店),18980760569,text-scan,2026-09-05T06:33:44.252Z
中国体育彩票(丽景华庭店),18202810280,text-scan,2026-09-05T06:33:54.647Z
中国体育彩票(万象城店),19081349093,text-scan,2026-09-05T06:34:19.431Z
中国体育彩票(成都热电厂生活区店),18680843981,text-scan,2026-09-05T06:34:22.030Z
中国体育彩票(文星正街店),18202810955,text-scan,2026-09-05T06:34:28.374Z
中国体育彩票(滨江东路160号院店),15328082074,text-scan,2026-09-05T06:34:47.053Z
中国体育彩票(青江东路店),15775590701,text-scan,2026-09-05T06:34:49.531Z
中国体育彩票(尚林·幸福城店),18008042387,text-scan,2026-09-05T06:35:22.700Z
中国体育彩票(14281竞彩店),15202841330,text-scan,2026-09-05T06:36:05.769Z
中国体育彩票(龙湖·金楠天街蓉香庭店),18740838157,text-scan,2026-09-05T06:36:23.216Z
中国体育彩票(碧桂园店),18884665108,text-scan,2026-09-05T06:37:57.574Z
中国体育彩票(招商中央华城店),18100826395,text-scan,2026-09-05T06:38:23.910Z
中国体育彩票(淮龙路店),18215501453,text-scan,2026-09-05T06:38:26.713Z
中国体育彩票(港汇天地店),13750079970,text-scan,2026-09-05T06:38:39.718Z
中国体育彩票(泊院北区),19108026048,text-scan,2026-09-05T06:39:16.903Z
中国体育彩票,13990181346,text-scan,2026-09-05T06:39:24.118Z
中国体育彩票(洗瓦堰路店),13408441696,text-scan,2026-09-05T06:39:41.541Z
中国体育彩票(沙河上小区店),028-84531880,text-scan,2026-09-05T06:42:04.985Z
中国体育彩票(晋吉南路店),13558602128,text-scan,2026-09-05T06:42:13.838Z
中国体育彩票(北湖国际城店),18030739232,text-scan,2026-09-05T06:43:55.043Z
中国体育彩票(麓岭汇店),13281039778,text-scan,2026-09-05T06:43:59.628Z
中国体育彩票(景茂·城果店),19302871658,text-scan,2026-09-05T06:44:35.564Z
中国体育彩票(兴业街店),15882021486,text-scan,2026-09-05T06:44:36.127Z
中国体育彩票(兴园一路巴萨主题店),13679099200,text-scan,2026-09-05T06:44:42.804Z
中国体育彩票(石人北路99号院店),18381915817,text-scan,2026-09-05T06:45:04.427Z
中国体育彩票,13666145186,text-scan,2026-09-05T06:45:40.756Z
中国体育彩票(杨柳街店),15378171711,text-scan,2026-09-05T06:46:01.805Z
中国体育彩票(南桥春天店),18981900819,text-scan,2026-09-05T06:46:19.269Z
中国体育彩票(世界杯店),13308058965,text-scan,2026-09-05T06:46:24.618Z
中国体育彩票(果堰街店),18981920706,text-scan,2026-09-05T06:46:32.623Z
中国体育彩票(藏卫路北四段店),17711382776,text-scan,2026-09-05T06:46:37.077Z
中国体育彩票(沁园店),13881998808,text-scan,2026-09-05T06:47:20.218Z
中国体育彩票(中大·君悦金沙7期君逸院店),17313069925,text-scan,2026-09-05T06:47:33.199Z
中国体育彩票(五友大道中段店),18349206067,text-scan,2026-09-05T06:47:50.332Z
中国体育彩票(兰家店路店),18117801106,text-scan,2026-09-05T06:47:58.241Z
中国体育彩票(十号花园店),13629019103,text-scan,2026-09-05T06:48:00.582Z
中国体育彩票(兆信中心店),19081549697,text-scan,2026-09-05T06:48:31.774Z
中国体育彩票(第九交响北区店),19008200983,text-scan,2026-09-05T06:49:23.777Z
中国体育彩票(上东阳光店),17313153485,text-scan,2026-09-05T06:49:43.646Z
中国体育彩票(营康西路80号院店),028-83248465,text-scan,2026-09-05T06:50:11.362Z
中国体育彩票(成龙花园店),13880898805,text-scan,2026-09-05T06:50:14.649Z
中国体育彩票(印象金沙店),18111673660,text-scan,2026-09-05T06:50:17.242Z
中国体育彩票(中鼎316店),18981893413,text-scan,2026-09-05T06:50:24.157Z
中国体育彩票(和美西路金茂体彩4店),17713531096,text-scan,2026-09-05T06:50:30.844Z
中国体育彩票(南丰大道店),18982254425,text-scan,2026-09-05T06:50:56.817Z
中国体育彩票(蓝润·V客尚东店),15608090388,text-scan,2026-09-05T06:50:58.683Z
中国体育彩票(橙郡店),13678063203,text-scan,2026-09-05T06:51:04.523Z
中国体育彩票(校园春天店),17711092696,text-scan,2026-09-05T06:51:19.888Z
中国体育彩票(泉水人家店),15008478828,text-scan,2026-09-05T06:51:30.364Z
中国体育彩票(中华锦绣店),13699019340,text-scan,2026-09-05T06:52:31.427Z
中国体育彩票(中铁·骑士府邸店),19141301103,text-scan,2026-09-05T06:52:55.130Z
中国体育彩票(天府北京街店),15828318408,text-scan,2026-09-05T06:53:02.213Z
中国体育彩票(五一街店),15892200725,text-scan,2026-09-05T06:53:38.027Z
中国体育彩票(中新·公园大道店),028-82602110,text-scan,2026-09-05T06:54:08.933Z
中国体育彩票(融创·南湖逸家店),15828399463,text-scan,2026-09-05T06:54:10.994Z
中国体育彩票(蓝光·圣菲悦城店),17761295071,text-scan,2026-09-05T06:54:19.418Z
中国体育彩票(观东二街店),17702824157,text-scan,2026-09-05T06:54:26.506Z
中国体育彩票(春熙里店),18180668536,text-scan,2026-09-05T06:54:35.521Z
中国体育彩票(KL竞彩店),15308050018,text-scan,2026-09-05T06:55:06.972Z
中国体育彩票(桃李园店),15208272938,text-scan,2026-09-05T06:55:33.182Z
中国体育彩票(御源·大湖区店),17311375091,text-scan,2026-09-05T06:56:32.137Z
中国体育彩票(金雁大厦对面),17711308995,text-scan,2026-09-05T06:57:20.465Z
中国体育彩票(青龙广场店),13551342407,text-scan,2026-09-05T06:57:54.693Z
中国体育彩票(时代欣城店),13666117871,text-scan,2026-09-05T06:58:20.716Z
中国体育彩票(东方新城店),13981887178,text-scan,2026-09-05T06:58:34.842Z
